CREATE TABLE TB_USUARIO(
	ID BIGINT(20) PRIMARY KEY AUTO_INCREMENT,
	NOME VARCHAR(50) NOT NULL,
	EMAIL VARCHAR(50) NOT NULL,
	SENHA VARCHAR(150) NOT NULL
)ENGINE=InnoDB DEFAULT CHARSET=utf8;


CREATE TABLE TB_PERMISSAO(
	ID BIGINT (20) PRIMARY KEY AUTO_INCREMENT,
	DESCDRICAO VARCHAR(50) NOT NULL
)ENGINE=InnoDB DEFAULT CHARSET=utf8;


CREATE TABLE TB_USUARIO_PERMISSAO(
	ID_USUARIO BIGINT (20) NOT NULL,
	ID_PERMISSAO BIGINT (20) NOT NULL,
	PRIMARY KEY (ID_USUARIO, ID_PERMISSAO),
	FOREIGN KEY(ID_USUARIO) REFERENCES TB_USUARIO(ID),
	FOREIGN KEY(ID_PERMISSAO) REFERENCES TB_PERMISSAO(ID)
)ENGINE=InnoDB DEFAULT CHARSET=utf8;

INSERT INTO TB_USUARIO (ID, NOME, EMAIL, SENHA) VALUES (1, 'admin', 'admin@gmail.com', '$2a$10$0HPjkXidGJLTcs5Vydm5v.ozHPFu8rpPq3u4Y1C3JVoV/Zg1m.cYq');
INSERT INTO TB_USUARIO (ID, NOME, EMAIL, SENHA) VALUES (2, 'bruno', 'brunno1808@hotmail.com', '$2a$10$.mPF2ktQ8sbfHFb6Hu2mluB05DWkM2DVpUEbftoiSgYRsFilw35My');

INSERT INTO TB_PERMISSAO(ID, DESCDRICAO) VALUES (1, 'ROLE_CADASTRAR_CATEGORIA');
INSERT INTO TB_PERMISSAO(ID, DESCDRICAO) VALUES (2, 'ROLE_PESQUISAR_CATEGORIA');
INSERT INTO TB_PERMISSAO(ID, DESCDRICAO) VALUES (3, 'ROLE_CADASTRAR_PESSOA');
INSERT INTO TB_PERMISSAO(ID, DESCDRICAO) VALUES (4, 'ROLE_REMOVER_PESSOA');
INSERT INTO TB_PERMISSAO(ID, DESCDRICAO) VALUES (5, 'ROLE_PESQUISAR_PESSOA');
INSERT INTO TB_PERMISSAO(ID, DESCDRICAO) VALUES (6, 'ROLE_CADASTRAR_LANCAMENTO');
INSERT INTO TB_PERMISSAO(ID, DESCDRICAO) VALUES (7, 'ROLE_REMOVER_LANCAMENTO');
INSERT INTO TB_PERMISSAO(ID, DESCDRICAO) VALUES (8, 'ROLE_PESQUISAR_LANCAMENTO');

INSERT INTO TB_USUARIO_PERMISSAO(ID_USUARIO, ID_PERMISSAO) VALUES (1,1);
INSERT INTO TB_USUARIO_PERMISSAO(ID_USUARIO, ID_PERMISSAO) VALUES (1,2);
INSERT INTO TB_USUARIO_PERMISSAO(ID_USUARIO, ID_PERMISSAO) VALUES (1,3);
INSERT INTO TB_USUARIO_PERMISSAO(ID_USUARIO, ID_PERMISSAO) VALUES (1,4);
INSERT INTO TB_USUARIO_PERMISSAO(ID_USUARIO, ID_PERMISSAO) VALUES (1,5);
INSERT INTO TB_USUARIO_PERMISSAO(ID_USUARIO, ID_PERMISSAO) VALUES (1,6);
INSERT INTO TB_USUARIO_PERMISSAO(ID_USUARIO, ID_PERMISSAO) VALUES (1,7);
INSERT INTO TB_USUARIO_PERMISSAO(ID_USUARIO, ID_PERMISSAO) VALUES (1,8);

INSERT INTO TB_USUARIO_PERMISSAO(ID_USUARIO, ID_PERMISSAO) VALUES (2,2);
INSERT INTO TB_USUARIO_PERMISSAO(ID_USUARIO, ID_PERMISSAO) VALUES (2,5);
INSERT INTO TB_USUARIO_PERMISSAO(ID_USUARIO, ID_PERMISSAO) VALUES (2,8);
